bucket_start,count,wow_change,z_score,product_canonical
2021-12-27 00:00:00+00:00,6.0,,,(all)
2022-01-03 00:00:00+00:00,2.0,-0.6666666666666666,,(all)
2022-01-10 00:00:00+00:00,3.0,0.5,,(all)
2022-01-17 00:00:00+00:00,3.0,0.0,,(all)
2022-01-24 00:00:00+00:00,2.0,-0.3333333333333333,-1.0,(all)
2022-01-31 00:00:00+00:00,2.0,0.0,-1.0,(all)
2022-02-07 00:00:00+00:00,1.0,-0.5,-3.0,(all)
2022-02-14 00:00:00+00:00,1.0,0.0,-1.414213562373095,(all)
2022-02-21 00:00:00+00:00,1.0,0.0,-1.0,(all)
2022-02-28 00:00:00+00:00,3.0,2.0,4.041451884327381,(all)
2022-03-07 00:00:00+00:00,4.0,0.3333333333333333,2.886751345948129,(all)
2022-03-14 00:00:00+00:00,1.0,-0.75,-0.9622504486493763,(all)
2022-03-21 00:00:00+00:00,1.0,0.0,-0.9622504486493763,(all)
2022-04-04 00:00:00+00:00,2.0,1.0,-0.19245008972987526,(all)
2022-04-11 00:00:00+00:00,3.0,0.5,0.8164965809277261,(all)
2022-04-18 00:00:00+00:00,1.0,-0.6666666666666666,-0.9045340337332909,(all)
2022-04-25 00:00:00+00:00,1.0,0.0,-0.9045340337332909,(all)
2022-05-02 00:00:00+00:00,3.0,2.0,1.507556722888818,(all)
2022-05-16 00:00:00+00:00,1.0,-0.6666666666666666,-1.0,(all)
2022-05-30 00:00:00+00:00,3.0,2.0,1.7320508075688774,(all)
2022-06-06 00:00:00+00:00,1.0,-0.6666666666666666,-1.0,(all)
2022-06-13 00:00:00+00:00,4.0,3.0,2.0,(all)
2022-06-20 00:00:00+00:00,1.0,-0.75,-0.9622504486493763,(all)
2022-06-27 00:00:00+00:00,3.0,2.0,0.5773502691896257,(all)
2022-07-18 00:00:00+00:00,1.0,-0.6666666666666666,-0.9622504486493763,(all)
2022-07-25 00:00:00+00:00,1.0,0.0,-0.9622504486493763,(all)
2022-08-01 00:00:00+00:00,5.0,4.0,4.041451884327381,(all)
2022-08-15 00:00:00+00:00,3.0,-0.4,0.30151134457776363,(all)
2022-08-22 00:00:00+00:00,1.0,-0.6666666666666666,-0.9045340337332909,(all)
2022-09-05 00:00:00+00:00,4.0,3.0,0.9045340337332909,(all)
2022-09-12 00:00:00+00:00,2.0,-0.5,-0.8451542547285166,(all)
2022-09-19 00:00:00+00:00,1.0,-0.5,-1.3416407864998738,(all)
2022-09-26 00:00:00+00:00,2.0,1.0,0.0,(all)
2022-10-10 00:00:00+00:00,2.0,0.0,-0.22941573387056174,(all)
2022-10-17 00:00:00+00:00,2.0,0.0,0.5773502691896258,(all)
2022-10-24 00:00:00+00:00,1.0,-0.5,-1.7320508075688774,(all)
2022-10-31 00:00:00+00:00,3.0,2.0,2.886751345948129,(all)
2022-11-07 00:00:00+00:00,2.0,-0.3333333333333333,0.0,(all)
2022-11-14 00:00:00+00:00,1.0,-0.5,-1.414213562373095,(all)
2022-11-21 00:00:00+00:00,1.0,0.0,-0.9045340337332909,(all)
2022-11-28 00:00:00+00:00,1.0,0.0,-0.9045340337332909,(all)
2022-12-05 00:00:00+00:00,3.0,2.0,4.041451884327381,(all)
2022-12-12 00:00:00+00:00,2.0,-0.3333333333333333,0.5773502691896258,(all)
2022-12-19 00:00:00+00:00,1.0,-0.5,-0.9045340337332909,(all)
2022-12-26 00:00:00+00:00,3.0,2.0,1.507556722888818,(all)
2023-01-02 00:00:00+00:00,4.0,0.3333333333333333,2.1105794120443453,(all)
2023-01-09 00:00:00+00:00,1.0,-0.75,-1.3416407864998738,(all)
2023-01-23 00:00:00+00:00,3.0,2.0,0.5773502691896257,(all)
2023-01-30 00:00:00+00:00,1.0,-0.6666666666666666,-1.6059101370939322,(all)
2023-02-06 00:00:00+00:00,1.0,0.0,-0.9622504486493763,(all)
2023-02-13 00:00:00+00:00,1.0,0.0,-0.5773502691896258,(all)
2023-02-20 00:00:00+00:00,1.0,0.0,-0.5773502691896258,(all)
2023-02-27 00:00:00+00:00,2.0,1.0,,(all)
2023-03-06 00:00:00+00:00,1.0,-0.5,-0.5773502691896258,(all)
2023-03-13 00:00:00+00:00,1.0,0.0,-0.5773502691896258,(all)
2023-03-20 00:00:00+00:00,2.0,1.0,1.7320508075688774,(all)
2023-03-27 00:00:00+00:00,2.0,0.0,1.0,(all)
2023-04-03 00:00:00+00:00,2.0,0.0,1.0,(all)
2023-04-10 00:00:00+00:00,2.0,0.0,0.5773502691896258,(all)
2023-04-17 00:00:00+00:00,1.0,-0.5,,(all)
2023-04-24 00:00:00+00:00,3.0,2.0,2.886751345948129,(all)
2023-05-01 00:00:00+00:00,3.0,0.0,1.414213562373095,(all)
2023-05-08 00:00:00+00:00,3.0,0.0,0.9045340337332909,(all)
2023-05-15 00:00:00+00:00,2.0,-0.3333333333333333,-0.5773502691896258,(all)
2023-05-29 00:00:00+00:00,1.0,-0.5,-4.041451884327381,(all)
2023-06-05 00:00:00+00:00,2.0,1.0,-0.30151134457776363,(all)
2023-06-12 00:00:00+00:00,1.0,-0.5,-1.414213562373095,(all)
2023-06-19 00:00:00+00:00,2.0,1.0,1.0,(all)
2023-07-03 00:00:00+00:00,1.0,-0.5,-1.0,(all)
2023-07-10 00:00:00+00:00,1.0,0.0,-1.0,(all)
2023-07-31 00:00:00+00:00,2.0,1.0,1.7320508075688774,(all)
2023-08-07 00:00:00+00:00,2.0,0.0,1.0,(all)
2023-08-21 00:00:00+00:00,3.0,0.5,3.0,(all)
2023-08-28 00:00:00+00:00,2.0,-0.3333333333333333,0.0,(all)
2023-09-11 00:00:00+00:00,1.0,-0.5,-2.886751345948129,(all)
2023-09-25 00:00:00+00:00,3.0,2.0,1.414213562373095,(all)
2023-10-02 00:00:00+00:00,1.0,-0.6666666666666666,-1.507556722888818,(all)
2023-10-16 00:00:00+00:00,1.0,0.0,-0.9045340337332909,(all)
2023-10-30 00:00:00+00:00,3.0,2.0,1.7320508075688774,(all)
2023-11-06 00:00:00+00:00,1.0,-0.6666666666666666,-1.0,(all)
2023-11-20 00:00:00+00:00,2.0,1.0,0.5773502691896258,(all)
2023-11-27 00:00:00+00:00,4.0,1.0,2.7136021011998728,(all)
2023-12-04 00:00:00+00:00,1.0,-0.75,-1.3416407864998738,(all)
2024-01-01 00:00:00+00:00,2.0,1.0,0.0,(all)
2024-01-22 00:00:00+00:00,1.0,-0.5,-1.1470786693528088,(all)
2024-01-29 00:00:00+00:00,1.0,0.0,-0.8164965809277261,(all)
2024-02-05 00:00:00+00:00,1.0,0.0,-0.5773502691896258,(all)
2024-02-12 00:00:00+00:00,1.0,0.0,-0.5773502691896258,(all)
2024-02-19 00:00:00+00:00,1.0,0.0,,(all)
2024-02-26 00:00:00+00:00,2.0,1.0,,(all)
2024-03-25 00:00:00+00:00,1.0,-0.5,-0.5773502691896258,(all)
2024-04-01 00:00:00+00:00,4.0,3.0,6.3508529610858835,(all)
2024-04-08 00:00:00+00:00,3.0,-0.25,0.8164965809277261,(all)
2024-04-15 00:00:00+00:00,2.0,-0.3333333333333333,-0.4472135954999579,(all)
2024-04-22 00:00:00+00:00,1.0,-0.5,-1.3416407864998738,(all)
2024-05-06 00:00:00+00:00,1.0,0.0,-1.3416407864998738,(all)
2024-05-20 00:00:00+00:00,1.0,0.0,-0.9045340337332909,(all)
2024-05-27 00:00:00+00:00,1.0,0.0,-0.5773502691896258,(all)
2024-06-03 00:00:00+00:00,1.0,0.0,,(all)
2024-06-17 00:00:00+00:00,2.0,1.0,,(all)
2024-07-01 00:00:00+00:00,1.0,-0.5,-0.5773502691896258,(all)
2024-07-15 00:00:00+00:00,1.0,0.0,-0.5773502691896258,(all)
2024-07-22 00:00:00+00:00,1.0,0.0,-0.5773502691896258,(all)
2024-07-29 00:00:00+00:00,4.0,3.0,6.3508529610858835,(all)
2024-08-12 00:00:00+00:00,1.0,-0.75,-0.5773502691896257,(all)
2024-08-26 00:00:00+00:00,3.0,2.0,0.9622504486493763,(all)
2024-09-02 00:00:00+00:00,1.0,-0.6666666666666666,-0.9622504486493763,(all)
2024-09-09 00:00:00+00:00,3.0,2.0,0.5773502691896257,(all)
2024-09-23 00:00:00+00:00,5.0,0.6666666666666666,3.0,(all)
2024-09-30 00:00:00+00:00,2.0,-0.6,-0.7071067811865475,(all)
2024-10-14 00:00:00+00:00,2.0,0.0,-0.50709255283711,(all)
2024-10-21 00:00:00+00:00,2.0,0.0,-0.8164965809277261,(all)
2024-10-28 00:00:00+00:00,1.0,-0.5,-1.3471506281091268,(all)
2024-11-04 00:00:00+00:00,2.0,1.0,0.5773502691896258,(all)
2024-11-11 00:00:00+00:00,1.0,-0.5,-1.7320508075688774,(all)
2024-11-18 00:00:00+00:00,2.0,1.0,1.0,(all)
2024-11-25 00:00:00+00:00,1.0,-0.5,-1.0,(all)
2024-12-02 00:00:00+00:00,2.0,1.0,1.0,(all)
2024-12-16 00:00:00+00:00,1.0,-0.5,-1.0,(all)
2024-12-23 00:00:00+00:00,1.0,0.0,-1.0,(all)
2024-12-30 00:00:00+00:00,1.0,0.0,-0.5773502691896258,(all)
2025-01-06 00:00:00+00:00,2.0,1.0,1.7320508075688774,(all)
2025-01-13 00:00:00+00:00,1.0,-0.5,-0.5773502691896258,(all)
2025-01-27 00:00:00+00:00,2.0,1.0,1.7320508075688774,(all)
2025-02-03 00:00:00+00:00,1.0,-0.5,-1.0,(all)
2025-02-10 00:00:00+00:00,1.0,0.0,-1.0,(all)
2025-02-17 00:00:00+00:00,4.0,3.0,6.3508529610858835,(all)
2025-02-24 00:00:00+00:00,1.0,-0.75,-0.8164965809277261,(all)
2025-03-10 00:00:00+00:00,2.0,1.0,0.19245008972987526,(all)
2025-03-17 00:00:00+00:00,2.0,0.0,0.0,(all)
2025-03-31 00:00:00+00:00,3.0,0.5,0.6882472016116852,(all)
2025-04-07 00:00:00+00:00,1.0,-0.6666666666666666,-1.414213562373095,(all)
2025-04-14 00:00:00+00:00,2.0,1.0,0.0,(all)
2025-04-21 00:00:00+00:00,6.0,2.0,5.65685424949238,(all)
2025-04-28 00:00:00+00:00,4.0,-0.3333333333333333,0.5345224838248488,(all)
2025-05-12 00:00:00+00:00,2.0,-0.5,-0.6509445549041194,(all)
2025-05-26 00:00:00+00:00,3.0,0.5,-0.30151134457776363,(all)
2025-06-02 00:00:00+00:00,1.0,-0.6666666666666666,-1.8593393604027364,(all)
2025-06-09 00:00:00+00:00,1.0,0.0,-1.3416407864998738,(all)
2025-06-16 00:00:00+00:00,3.0,2.0,1.507556722888818,(all)
2025-06-23 00:00:00+00:00,1.0,-0.6666666666666666,-1.0,(all)
2025-07-07 00:00:00+00:00,1.0,0.0,-0.5773502691896258,(all)
2025-07-14 00:00:00+00:00,2.0,1.0,0.5773502691896258,(all)
2025-07-21 00:00:00+00:00,2.0,0.0,0.30151134457776363,(all)
2025-07-28 00:00:00+00:00,4.0,1.0,5.0,(all)
2025-08-04 00:00:00+00:00,1.0,-0.75,-1.1470786693528088,(all)
2025-08-11 00:00:00+00:00,2.0,1.0,-0.22941573387056174,(all)
2025-08-18 00:00:00+00:00,3.0,0.5,0.6882472016116852,(all)
2025-08-25 00:00:00+00:00,2.0,-0.3333333333333333,-0.4472135954999579,(all)
2025-09-01 00:00:00+00:00,8.0,3.0,8.48528137423857,(all)
2025-09-08 00:00:00+00:00,2.0,-0.75,-0.7035264706814485,(all)
2025-09-15 00:00:00+00:00,2.0,0.0,-0.7035264706814485,(all)
2025-09-22 00:00:00+00:00,6.0,2.0,0.9622504486493763,(all)
2025-10-06 00:00:00+00:00,2.0,-0.6666666666666666,-0.9622504486493763,(all)
2025-10-13 00:00:00+00:00,1.0,-0.5,-1.1547005383792517,(all)
2025-10-20 00:00:00+00:00,2.0,1.0,-0.39056673294247163,(all)
2025-10-27 00:00:00+00:00,4.0,1.0,0.6509445549041194,(all)
2025-11-03 00:00:00+00:00,2.0,-0.5,-0.22941573387056174,(all)
2025-11-10 00:00:00+00:00,1.0,-0.5,-1.1470786693528088,(all)
2025-11-17 00:00:00+00:00,2.0,1.0,-0.22941573387056174,(all)
2025-11-24 00:00:00+00:00,1.0,-0.5,-1.1470786693528088,(all)
2025-12-01 00:00:00+00:00,2.0,1.0,1.0,(all)
2025-12-08 00:00:00+00:00,1.0,-0.5,-1.0,(all)
2025-12-15 00:00:00+00:00,1.0,0.0,-1.0,(all)
2025-12-22 00:00:00+00:00,1.0,0.0,-0.5773502691896258,(all)
2025-12-29 00:00:00+00:00,5.0,4.0,8.660254037844387,(all)
2026-01-05 00:00:00+00:00,4.0,-0.2,1.1547005383792517,(all)
2021-12-27 00:00:00+00:00,6.0,,,enalapril
2022-01-03 00:00:00+00:00,2.0,-0.6666666666666666,,enalapril
2022-01-10 00:00:00+00:00,3.0,0.5,,enalapril
2022-01-17 00:00:00+00:00,3.0,0.0,,enalapril
2022-01-24 00:00:00+00:00,2.0,-0.3333333333333333,-1.0,enalapril
2022-01-31 00:00:00+00:00,2.0,0.0,-1.0,enalapril
2022-02-07 00:00:00+00:00,1.0,-0.5,-3.0,enalapril
2022-02-14 00:00:00+00:00,1.0,0.0,-1.414213562373095,enalapril
2022-02-21 00:00:00+00:00,1.0,0.0,-1.0,enalapril
2022-02-28 00:00:00+00:00,3.0,2.0,4.041451884327381,enalapril
2022-03-07 00:00:00+00:00,4.0,0.3333333333333333,2.886751345948129,enalapril
2022-03-14 00:00:00+00:00,1.0,-0.75,-0.9622504486493763,enalapril
2022-03-21 00:00:00+00:00,1.0,0.0,-0.9622504486493763,enalapril
2022-04-04 00:00:00+00:00,2.0,1.0,-0.19245008972987526,enalapril
2022-04-11 00:00:00+00:00,3.0,0.5,0.8164965809277261,enalapril
2022-04-18 00:00:00+00:00,1.0,-0.6666666666666666,-0.9045340337332909,enalapril
2022-04-25 00:00:00+00:00,1.0,0.0,-0.9045340337332909,enalapril
2022-05-02 00:00:00+00:00,3.0,2.0,1.507556722888818,enalapril
2022-05-16 00:00:00+00:00,1.0,-0.6666666666666666,-1.0,enalapril
2022-05-30 00:00:00+00:00,3.0,2.0,1.7320508075688774,enalapril
2022-06-06 00:00:00+00:00,1.0,-0.6666666666666666,-1.0,enalapril
2022-06-13 00:00:00+00:00,4.0,3.0,2.0,enalapril
2022-06-20 00:00:00+00:00,1.0,-0.75,-0.9622504486493763,enalapril
2022-06-27 00:00:00+00:00,3.0,2.0,0.5773502691896257,enalapril
2022-07-18 00:00:00+00:00,1.0,-0.6666666666666666,-0.9622504486493763,enalapril
2022-07-25 00:00:00+00:00,1.0,0.0,-0.9622504486493763,enalapril
2022-08-01 00:00:00+00:00,5.0,4.0,4.041451884327381,enalapril
2022-08-15 00:00:00+00:00,3.0,-0.4,0.30151134457776363,enalapril
2022-08-22 00:00:00+00:00,1.0,-0.6666666666666666,-0.9045340337332909,enalapril
2022-09-05 00:00:00+00:00,4.0,3.0,0.9045340337332909,enalapril
2022-09-12 00:00:00+00:00,2.0,-0.5,-0.8451542547285166,enalapril
2022-09-19 00:00:00+00:00,1.0,-0.5,-1.3416407864998738,enalapril
2022-09-26 00:00:00+00:00,2.0,1.0,0.0,enalapril
2022-10-10 00:00:00+00:00,2.0,0.0,-0.22941573387056174,enalapril
2022-10-17 00:00:00+00:00,2.0,0.0,0.5773502691896258,enalapril
2022-10-24 00:00:00+00:00,1.0,-0.5,-1.7320508075688774,enalapril
2022-10-31 00:00:00+00:00,3.0,2.0,2.886751345948129,enalapril
2022-11-07 00:00:00+00:00,2.0,-0.3333333333333333,0.0,enalapril
2022-11-14 00:00:00+00:00,1.0,-0.5,-1.414213562373095,enalapril
2022-11-21 00:00:00+00:00,1.0,0.0,-0.9045340337332909,enalapril
2022-11-28 00:00:00+00:00,1.0,0.0,-0.9045340337332909,enalapril
2022-12-05 00:00:00+00:00,3.0,2.0,4.041451884327381,enalapril
2022-12-12 00:00:00+00:00,2.0,-0.3333333333333333,0.5773502691896258,enalapril
2022-12-19 00:00:00+00:00,1.0,-0.5,-0.9045340337332909,enalapril
2022-12-26 00:00:00+00:00,3.0,2.0,1.507556722888818,enalapril
2023-01-02 00:00:00+00:00,4.0,0.3333333333333333,2.1105794120443453,enalapril
2023-01-09 00:00:00+00:00,1.0,-0.75,-1.3416407864998738,enalapril
2023-01-23 00:00:00+00:00,3.0,2.0,0.5773502691896257,enalapril
2023-01-30 00:00:00+00:00,1.0,-0.6666666666666666,-1.6059101370939322,enalapril
2023-02-06 00:00:00+00:00,1.0,0.0,-0.9622504486493763,enalapril
2023-02-13 00:00:00+00:00,1.0,0.0,-0.5773502691896258,enalapril
2023-02-20 00:00:00+00:00,1.0,0.0,-0.5773502691896258,enalapril
2023-02-27 00:00:00+00:00,2.0,1.0,,enalapril
2023-03-06 00:00:00+00:00,1.0,-0.5,-0.5773502691896258,enalapril
2023-03-13 00:00:00+00:00,1.0,0.0,-0.5773502691896258,enalapril
2023-03-20 00:00:00+00:00,2.0,1.0,1.7320508075688774,enalapril
2023-03-27 00:00:00+00:00,2.0,0.0,1.0,enalapril
2023-04-03 00:00:00+00:00,2.0,0.0,1.0,enalapril
2023-04-10 00:00:00+00:00,2.0,0.0,0.5773502691896258,enalapril
2023-04-17 00:00:00+00:00,1.0,-0.5,,enalapril
2023-04-24 00:00:00+00:00,3.0,2.0,2.886751345948129,enalapril
2023-05-01 00:00:00+00:00,3.0,0.0,1.414213562373095,enalapril
2023-05-08 00:00:00+00:00,3.0,0.0,0.9045340337332909,enalapril
2023-05-15 00:00:00+00:00,2.0,-0.3333333333333333,-0.5773502691896258,enalapril
2023-05-29 00:00:00+00:00,1.0,-0.5,-4.041451884327381,enalapril
2023-06-05 00:00:00+00:00,2.0,1.0,-0.30151134457776363,enalapril
2023-06-12 00:00:00+00:00,1.0,-0.5,-1.414213562373095,enalapril
2023-06-19 00:00:00+00:00,2.0,1.0,1.0,enalapril
2023-07-03 00:00:00+00:00,1.0,-0.5,-1.0,enalapril
2023-07-10 00:00:00+00:00,1.0,0.0,-1.0,enalapril
2023-07-31 00:00:00+00:00,2.0,1.0,1.7320508075688774,enalapril
2023-08-07 00:00:00+00:00,2.0,0.0,1.0,enalapril
2023-08-21 00:00:00+00:00,3.0,0.5,3.0,enalapril
2023-08-28 00:00:00+00:00,2.0,-0.3333333333333333,0.0,enalapril
2023-09-11 00:00:00+00:00,1.0,-0.5,-2.886751345948129,enalapril
2023-09-25 00:00:00+00:00,3.0,2.0,1.414213562373095,enalapril
2023-10-02 00:00:00+00:00,1.0,-0.6666666666666666,-1.507556722888818,enalapril
2023-10-16 00:00:00+00:00,1.0,0.0,-0.9045340337332909,enalapril
2023-10-30 00:00:00+00:00,3.0,2.0,1.7320508075688774,enalapril
2023-11-06 00:00:00+00:00,1.0,-0.6666666666666666,-1.0,enalapril
2023-11-20 00:00:00+00:00,2.0,1.0,0.5773502691896258,enalapril
2023-11-27 00:00:00+00:00,4.0,1.0,2.7136021011998728,enalapril
2023-12-04 00:00:00+00:00,1.0,-0.75,-1.3416407864998738,enalapril
2024-01-01 00:00:00+00:00,2.0,1.0,0.0,enalapril
2024-01-22 00:00:00+00:00,1.0,-0.5,-1.1470786693528088,enalapril
2024-01-29 00:00:00+00:00,1.0,0.0,-0.8164965809277261,enalapril
2024-02-05 00:00:00+00:00,1.0,0.0,-0.5773502691896258,enalapril
2024-02-12 00:00:00+00:00,1.0,0.0,-0.5773502691896258,enalapril
2024-02-19 00:00:00+00:00,1.0,0.0,,enalapril
2024-02-26 00:00:00+00:00,2.0,1.0,,enalapril
2024-03-25 00:00:00+00:00,1.0,-0.5,-0.5773502691896258,enalapril
2024-04-01 00:00:00+00:00,4.0,3.0,6.3508529610858835,enalapril
2024-04-08 00:00:00+00:00,3.0,-0.25,0.8164965809277261,enalapril
2024-04-15 00:00:00+00:00,2.0,-0.3333333333333333,-0.4472135954999579,enalapril
2024-04-22 00:00:00+00:00,1.0,-0.5,-1.3416407864998738,enalapril
2024-05-06 00:00:00+00:00,1.0,0.0,-1.3416407864998738,enalapril
2024-05-20 00:00:00+00:00,1.0,0.0,-0.9045340337332909,enalapril
2024-05-27 00:00:00+00:00,1.0,0.0,-0.5773502691896258,enalapril
2024-06-03 00:00:00+00:00,1.0,0.0,,enalapril
2024-06-17 00:00:00+00:00,2.0,1.0,,enalapril
2024-07-01 00:00:00+00:00,1.0,-0.5,-0.5773502691896258,enalapril
2024-07-15 00:00:00+00:00,1.0,0.0,-0.5773502691896258,enalapril
2024-07-22 00:00:00+00:00,1.0,0.0,-0.5773502691896258,enalapril
2024-07-29 00:00:00+00:00,4.0,3.0,6.3508529610858835,enalapril
2024-08-12 00:00:00+00:00,1.0,-0.75,-0.5773502691896257,enalapril
2024-08-26 00:00:00+00:00,3.0,2.0,0.9622504486493763,enalapril
2024-09-02 00:00:00+00:00,1.0,-0.6666666666666666,-0.9622504486493763,enalapril
2024-09-09 00:00:00+00:00,3.0,2.0,0.5773502691896257,enalapril
2024-09-23 00:00:00+00:00,5.0,0.6666666666666666,3.0,enalapril
2024-09-30 00:00:00+00:00,2.0,-0.6,-0.7071067811865475,enalapril
2024-10-14 00:00:00+00:00,2.0,0.0,-0.50709255283711,enalapril
2024-10-21 00:00:00+00:00,2.0,0.0,-0.8164965809277261,enalapril
2024-10-28 00:00:00+00:00,1.0,-0.5,-1.3471506281091268,enalapril
2024-11-04 00:00:00+00:00,2.0,1.0,0.5773502691896258,enalapril
2024-11-11 00:00:00+00:00,1.0,-0.5,-1.7320508075688774,enalapril
2024-11-18 00:00:00+00:00,2.0,1.0,1.0,enalapril
2024-11-25 00:00:00+00:00,1.0,-0.5,-1.0,enalapril
2024-12-02 00:00:00+00:00,2.0,1.0,1.0,enalapril
2024-12-16 00:00:00+00:00,1.0,-0.5,-1.0,enalapril
2024-12-23 00:00:00+00:00,1.0,0.0,-1.0,enalapril
2024-12-30 00:00:00+00:00,1.0,0.0,-0.5773502691896258,enalapril
2025-01-06 00:00:00+00:00,2.0,1.0,1.7320508075688774,enalapril
2025-01-13 00:00:00+00:00,1.0,-0.5,-0.5773502691896258,enalapril
2025-01-27 00:00:00+00:00,2.0,1.0,1.7320508075688774,enalapril
2025-02-03 00:00:00+00:00,1.0,-0.5,-1.0,enalapril
2025-02-10 00:00:00+00:00,1.0,0.0,-1.0,enalapril
2025-02-17 00:00:00+00:00,4.0,3.0,6.3508529610858835,enalapril
2025-02-24 00:00:00+00:00,1.0,-0.75,-0.8164965809277261,enalapril
2025-03-10 00:00:00+00:00,2.0,1.0,0.19245008972987526,enalapril
2025-03-17 00:00:00+00:00,2.0,0.0,0.0,enalapril
2025-03-31 00:00:00+00:00,3.0,0.5,0.6882472016116852,enalapril
2025-04-07 00:00:00+00:00,1.0,-0.6666666666666666,-1.414213562373095,enalapril
2025-04-14 00:00:00+00:00,2.0,1.0,0.0,enalapril
2025-04-21 00:00:00+00:00,6.0,2.0,5.65685424949238,enalapril
2025-04-28 00:00:00+00:00,4.0,-0.3333333333333333,0.5345224838248488,enalapril
2025-05-12 00:00:00+00:00,2.0,-0.5,-0.6509445549041194,enalapril
2025-05-26 00:00:00+00:00,3.0,0.5,-0.30151134457776363,enalapril
2025-06-02 00:00:00+00:00,1.0,-0.6666666666666666,-1.8593393604027364,enalapril
2025-06-09 00:00:00+00:00,1.0,0.0,-1.3416407864998738,enalapril
2025-06-16 00:00:00+00:00,3.0,2.0,1.507556722888818,enalapril
2025-06-23 00:00:00+00:00,1.0,-0.6666666666666666,-1.0,enalapril
2025-07-07 00:00:00+00:00,1.0,0.0,-0.5773502691896258,enalapril
2025-07-14 00:00:00+00:00,2.0,1.0,0.5773502691896258,enalapril
2025-07-21 00:00:00+00:00,2.0,0.0,0.30151134457776363,enalapril
2025-07-28 00:00:00+00:00,4.0,1.0,5.0,enalapril
2025-08-04 00:00:00+00:00,1.0,-0.75,-1.1470786693528088,enalapril
2025-08-11 00:00:00+00:00,2.0,1.0,-0.22941573387056174,enalapril
2025-08-18 00:00:00+00:00,3.0,0.5,0.6882472016116852,enalapril
2025-09-01 00:00:00+00:00,6.0,1.0,3.1304951684997055,enalapril
2025-09-08 00:00:00+00:00,2.0,-0.6666666666666666,-0.5345224838248488,enalapril
2025-09-15 00:00:00+00:00,1.0,-0.5,-1.372487132993442,enalapril
2025-09-22 00:00:00+00:00,6.0,5.0,1.6035674514745464,enalapril
2025-10-06 00:00:00+00:00,2.0,-0.6666666666666666,-0.7683498199278324,enalapril
2025-10-13 00:00:00+00:00,1.0,-0.5,-0.9113223768657671,enalapril
2025-10-20 00:00:00+00:00,1.0,0.0,-0.7276068751089989,enalapril
2025-10-27 00:00:00+00:00,3.0,2.0,0.24253562503633297,enalapril
2025-11-03 00:00:00+00:00,2.0,-0.3333333333333333,0.30151134457776363,enalapril
2025-11-10 00:00:00+00:00,1.0,-0.5,-0.9045340337332909,enalapril
2025-11-17 00:00:00+00:00,2.0,1.0,0.30151134457776363,enalapril
2025-11-24 00:00:00+00:00,1.0,-0.5,-1.414213562373095,enalapril
2025-12-01 00:00:00+00:00,1.0,0.0,-1.0,enalapril
2025-12-08 00:00:00+00:00,1.0,0.0,-0.5773502691896258,enalapril
2025-12-15 00:00:00+00:00,1.0,0.0,-0.5773502691896258,enalapril
2025-12-22 00:00:00+00:00,1.0,0.0,,enalapril
2025-12-29 00:00:00+00:00,5.0,4.0,,enalapril
2026-01-05 00:00:00+00:00,1.0,-0.8,-0.5773502691896258,enalapril
2021-12-27 00:00:00+00:00,6.0,,,sacubitril_valsartan
2022-01-03 00:00:00+00:00,2.0,-0.6666666666666666,,sacubitril_valsartan
2022-01-10 00:00:00+00:00,3.0,0.5,,sacubitril_valsartan
2022-01-17 00:00:00+00:00,3.0,0.0,,sacubitril_valsartan
2022-01-24 00:00:00+00:00,2.0,-0.3333333333333333,-1.0,sacubitril_valsartan
2022-01-31 00:00:00+00:00,2.0,0.0,-1.0,sacubitril_valsartan
2022-02-07 00:00:00+00:00,1.0,-0.5,-3.0,sacubitril_valsartan
2022-02-14 00:00:00+00:00,1.0,0.0,-1.414213562373095,sacubitril_valsartan
2022-02-21 00:00:00+00:00,1.0,0.0,-1.0,sacubitril_valsartan
2022-02-28 00:00:00+00:00,3.0,2.0,4.041451884327381,sacubitril_valsartan
2022-03-07 00:00:00+00:00,4.0,0.3333333333333333,2.886751345948129,sacubitril_valsartan
2022-03-14 00:00:00+00:00,1.0,-0.75,-0.9622504486493763,sacubitril_valsartan
2022-03-21 00:00:00+00:00,1.0,0.0,-0.9622504486493763,sacubitril_valsartan
2022-04-04 00:00:00+00:00,2.0,1.0,-0.19245008972987526,sacubitril_valsartan
2022-04-11 00:00:00+00:00,3.0,0.5,0.8164965809277261,sacubitril_valsartan
2022-04-18 00:00:00+00:00,1.0,-0.6666666666666666,-0.9045340337332909,sacubitril_valsartan
2022-04-25 00:00:00+00:00,1.0,0.0,-0.9045340337332909,sacubitril_valsartan
2022-05-02 00:00:00+00:00,3.0,2.0,1.507556722888818,sacubitril_valsartan
2022-05-16 00:00:00+00:00,1.0,-0.6666666666666666,-1.0,sacubitril_valsartan
2022-05-30 00:00:00+00:00,3.0,2.0,1.7320508075688774,sacubitril_valsartan
2022-06-06 00:00:00+00:00,1.0,-0.6666666666666666,-1.0,sacubitril_valsartan
2022-06-13 00:00:00+00:00,4.0,3.0,2.0,sacubitril_valsartan
2022-06-20 00:00:00+00:00,1.0,-0.75,-0.9622504486493763,sacubitril_valsartan
2022-06-27 00:00:00+00:00,3.0,2.0,0.5773502691896257,sacubitril_valsartan
2022-07-18 00:00:00+00:00,1.0,-0.6666666666666666,-0.9622504486493763,sacubitril_valsartan
2022-07-25 00:00:00+00:00,1.0,0.0,-0.9622504486493763,sacubitril_valsartan
2022-08-01 00:00:00+00:00,5.0,4.0,4.041451884327381,sacubitril_valsartan
2022-08-15 00:00:00+00:00,3.0,-0.4,0.30151134457776363,sacubitril_valsartan
2022-08-22 00:00:00+00:00,1.0,-0.6666666666666666,-0.9045340337332909,sacubitril_valsartan
2022-09-05 00:00:00+00:00,4.0,3.0,0.9045340337332909,sacubitril_valsartan
2022-09-12 00:00:00+00:00,2.0,-0.5,-0.8451542547285166,sacubitril_valsartan
2022-09-19 00:00:00+00:00,1.0,-0.5,-1.3416407864998738,sacubitril_valsartan
2022-09-26 00:00:00+00:00,2.0,1.0,0.0,sacubitril_valsartan
2022-10-10 00:00:00+00:00,2.0,0.0,-0.22941573387056174,sacubitril_valsartan
2022-10-17 00:00:00+00:00,2.0,0.0,0.5773502691896258,sacubitril_valsartan
2022-10-24 00:00:00+00:00,1.0,-0.5,-1.7320508075688774,sacubitril_valsartan
2022-10-31 00:00:00+00:00,3.0,2.0,2.886751345948129,sacubitril_valsartan
2022-11-07 00:00:00+00:00,2.0,-0.3333333333333333,0.0,sacubitril_valsartan
2022-11-14 00:00:00+00:00,1.0,-0.5,-1.414213562373095,sacubitril_valsartan
2022-11-21 00:00:00+00:00,1.0,0.0,-0.9045340337332909,sacubitril_valsartan
2022-11-28 00:00:00+00:00,1.0,0.0,-0.9045340337332909,sacubitril_valsartan
2022-12-05 00:00:00+00:00,3.0,2.0,4.041451884327381,sacubitril_valsartan
2022-12-12 00:00:00+00:00,2.0,-0.3333333333333333,0.5773502691896258,sacubitril_valsartan
2022-12-19 00:00:00+00:00,1.0,-0.5,-0.9045340337332909,sacubitril_valsartan
2022-12-26 00:00:00+00:00,3.0,2.0,1.507556722888818,sacubitril_valsartan
2023-01-02 00:00:00+00:00,4.0,0.3333333333333333,2.1105794120443453,sacubitril_valsartan
2023-01-09 00:00:00+00:00,1.0,-0.75,-1.3416407864998738,sacubitril_valsartan
2023-01-23 00:00:00+00:00,3.0,2.0,0.5773502691896257,sacubitril_valsartan
2023-01-30 00:00:00+00:00,1.0,-0.6666666666666666,-1.6059101370939322,sacubitril_valsartan
2023-02-06 00:00:00+00:00,1.0,0.0,-0.9622504486493763,sacubitril_valsartan
2023-02-13 00:00:00+00:00,1.0,0.0,-0.5773502691896258,sacubitril_valsartan
2023-02-20 00:00:00+00:00,1.0,0.0,-0.5773502691896258,sacubitril_valsartan
2023-02-27 00:00:00+00:00,2.0,1.0,,sacubitril_valsartan
2023-03-06 00:00:00+00:00,1.0,-0.5,-0.5773502691896258,sacubitril_valsartan
2023-03-13 00:00:00+00:00,1.0,0.0,-0.5773502691896258,sacubitril_valsartan
2023-03-20 00:00:00+00:00,2.0,1.0,1.7320508075688774,sacubitril_valsartan
2023-03-27 00:00:00+00:00,2.0,0.0,1.0,sacubitril_valsartan
2023-04-03 00:00:00+00:00,2.0,0.0,1.0,sacubitril_valsartan
2023-04-10 00:00:00+00:00,2.0,0.0,0.5773502691896258,sacubitril_valsartan
2023-04-17 00:00:00+00:00,1.0,-0.5,,sacubitril_valsartan
2023-04-24 00:00:00+00:00,3.0,2.0,2.886751345948129,sacubitril_valsartan
2023-05-01 00:00:00+00:00,3.0,0.0,1.414213562373095,sacubitril_valsartan
2023-05-08 00:00:00+00:00,3.0,0.0,0.9045340337332909,sacubitril_valsartan
2023-05-15 00:00:00+00:00,2.0,-0.3333333333333333,-0.5773502691896258,sacubitril_valsartan
2023-05-29 00:00:00+00:00,1.0,-0.5,-4.041451884327381,sacubitril_valsartan
2023-06-05 00:00:00+00:00,2.0,1.0,-0.30151134457776363,sacubitril_valsartan
2023-06-12 00:00:00+00:00,1.0,-0.5,-1.414213562373095,sacubitril_valsartan
2023-06-19 00:00:00+00:00,2.0,1.0,1.0,sacubitril_valsartan
2023-07-03 00:00:00+00:00,1.0,-0.5,-1.0,sacubitril_valsartan
2023-07-10 00:00:00+00:00,1.0,0.0,-1.0,sacubitril_valsartan
2023-07-31 00:00:00+00:00,2.0,1.0,1.7320508075688774,sacubitril_valsartan
2023-08-07 00:00:00+00:00,2.0,0.0,1.0,sacubitril_valsartan
2023-08-21 00:00:00+00:00,3.0,0.5,3.0,sacubitril_valsartan
2023-08-28 00:00:00+00:00,2.0,-0.3333333333333333,0.0,sacubitril_valsartan
2023-09-11 00:00:00+00:00,1.0,-0.5,-2.886751345948129,sacubitril_valsartan
2023-09-25 00:00:00+00:00,3.0,2.0,1.414213562373095,sacubitril_valsartan
2023-10-02 00:00:00+00:00,1.0,-0.6666666666666666,-1.507556722888818,sacubitril_valsartan
2023-10-16 00:00:00+00:00,1.0,0.0,-0.9045340337332909,sacubitril_valsartan
2023-10-30 00:00:00+00:00,3.0,2.0,1.7320508075688774,sacubitril_valsartan
2023-11-06 00:00:00+00:00,1.0,-0.6666666666666666,-1.0,sacubitril_valsartan
2023-11-20 00:00:00+00:00,2.0,1.0,0.5773502691896258,sacubitril_valsartan
2023-11-27 00:00:00+00:00,4.0,1.0,2.7136021011998728,sacubitril_valsartan
2023-12-04 00:00:00+00:00,1.0,-0.75,-1.3416407864998738,sacubitril_valsartan
2024-01-01 00:00:00+00:00,2.0,1.0,0.0,sacubitril_valsartan
2024-01-22 00:00:00+00:00,1.0,-0.5,-1.1470786693528088,sacubitril_valsartan
2024-01-29 00:00:00+00:00,1.0,0.0,-0.8164965809277261,sacubitril_valsartan
2024-02-05 00:00:00+00:00,1.0,0.0,-0.5773502691896258,sacubitril_valsartan
2024-02-12 00:00:00+00:00,1.0,0.0,-0.5773502691896258,sacubitril_valsartan
2024-02-19 00:00:00+00:00,1.0,0.0,,sacubitril_valsartan
2024-02-26 00:00:00+00:00,2.0,1.0,,sacubitril_valsartan
2024-03-25 00:00:00+00:00,1.0,-0.5,-0.5773502691896258,sacubitril_valsartan
2024-04-01 00:00:00+00:00,4.0,3.0,6.3508529610858835,sacubitril_valsartan
2024-04-08 00:00:00+00:00,3.0,-0.25,0.8164965809277261,sacubitril_valsartan
2024-04-15 00:00:00+00:00,2.0,-0.3333333333333333,-0.4472135954999579,sacubitril_valsartan
2024-04-22 00:00:00+00:00,1.0,-0.5,-1.3416407864998738,sacubitril_valsartan
2024-05-06 00:00:00+00:00,1.0,0.0,-1.3416407864998738,sacubitril_valsartan
2024-05-20 00:00:00+00:00,1.0,0.0,-0.9045340337332909,sacubitril_valsartan
2024-05-27 00:00:00+00:00,1.0,0.0,-0.5773502691896258,sacubitril_valsartan
2024-06-03 00:00:00+00:00,1.0,0.0,,sacubitril_valsartan
2024-06-17 00:00:00+00:00,2.0,1.0,,sacubitril_valsartan
2024-07-01 00:00:00+00:00,1.0,-0.5,-0.5773502691896258,sacubitril_valsartan
2024-07-15 00:00:00+00:00,1.0,0.0,-0.5773502691896258,sacubitril_valsartan
2024-07-22 00:00:00+00:00,1.0,0.0,-0.5773502691896258,sacubitril_valsartan
2024-07-29 00:00:00+00:00,4.0,3.0,6.3508529610858835,sacubitril_valsartan
2024-08-12 00:00:00+00:00,1.0,-0.75,-0.5773502691896257,sacubitril_valsartan
2024-08-26 00:00:00+00:00,3.0,2.0,0.9622504486493763,sacubitril_valsartan
2024-09-02 00:00:00+00:00,1.0,-0.6666666666666666,-0.9622504486493763,sacubitril_valsartan
2024-09-09 00:00:00+00:00,3.0,2.0,0.5773502691896257,sacubitril_valsartan
2024-09-23 00:00:00+00:00,5.0,0.6666666666666666,3.0,sacubitril_valsartan
2024-09-30 00:00:00+00:00,2.0,-0.6,-0.7071067811865475,sacubitril_valsartan
2024-10-14 00:00:00+00:00,2.0,0.0,-0.50709255283711,sacubitril_valsartan
2024-10-21 00:00:00+00:00,2.0,0.0,-0.8164965809277261,sacubitril_valsartan
2024-10-28 00:00:00+00:00,1.0,-0.5,-1.3471506281091268,sacubitril_valsartan
2024-11-04 00:00:00+00:00,2.0,1.0,0.5773502691896258,sacubitril_valsartan
2024-11-11 00:00:00+00:00,1.0,-0.5,-1.7320508075688774,sacubitril_valsartan
2024-11-18 00:00:00+00:00,2.0,1.0,1.0,sacubitril_valsartan
2024-11-25 00:00:00+00:00,1.0,-0.5,-1.0,sacubitril_valsartan
2024-12-02 00:00:00+00:00,2.0,1.0,1.0,sacubitril_valsartan
2024-12-16 00:00:00+00:00,1.0,-0.5,-1.0,sacubitril_valsartan
2024-12-23 00:00:00+00:00,1.0,0.0,-1.0,sacubitril_valsartan
2024-12-30 00:00:00+00:00,1.0,0.0,-0.5773502691896258,sacubitril_valsartan
2025-01-06 00:00:00+00:00,2.0,1.0,1.7320508075688774,sacubitril_valsartan
2025-01-13 00:00:00+00:00,1.0,-0.5,-0.5773502691896258,sacubitril_valsartan
2025-01-27 00:00:00+00:00,2.0,1.0,1.7320508075688774,sacubitril_valsartan
2025-02-03 00:00:00+00:00,1.0,-0.5,-1.0,sacubitril_valsartan
2025-02-10 00:00:00+00:00,1.0,0.0,-1.0,sacubitril_valsartan
2025-02-17 00:00:00+00:00,4.0,3.0,6.3508529610858835,sacubitril_valsartan
2025-02-24 00:00:00+00:00,1.0,-0.75,-0.8164965809277261,sacubitril_valsartan
2025-03-10 00:00:00+00:00,2.0,1.0,0.19245008972987526,sacubitril_valsartan
2025-03-17 00:00:00+00:00,2.0,0.0,0.0,sacubitril_valsartan
2025-03-31 00:00:00+00:00,3.0,0.5,0.6882472016116852,sacubitril_valsartan
2025-04-07 00:00:00+00:00,1.0,-0.6666666666666666,-1.414213562373095,sacubitril_valsartan
2025-04-14 00:00:00+00:00,2.0,1.0,0.0,sacubitril_valsartan
2025-04-21 00:00:00+00:00,6.0,2.0,5.65685424949238,sacubitril_valsartan
2025-04-28 00:00:00+00:00,4.0,-0.3333333333333333,0.5345224838248488,sacubitril_valsartan
2025-05-12 00:00:00+00:00,2.0,-0.5,-0.6509445549041194,sacubitril_valsartan
2025-05-26 00:00:00+00:00,3.0,0.5,-0.30151134457776363,sacubitril_valsartan
2025-06-02 00:00:00+00:00,1.0,-0.6666666666666666,-1.8593393604027364,sacubitril_valsartan
2025-06-09 00:00:00+00:00,1.0,0.0,-1.3416407864998738,sacubitril_valsartan
2025-06-16 00:00:00+00:00,3.0,2.0,1.507556722888818,sacubitril_valsartan
2025-06-23 00:00:00+00:00,1.0,-0.6666666666666666,-1.0,sacubitril_valsartan
2025-07-07 00:00:00+00:00,1.0,0.0,-0.5773502691896258,sacubitril_valsartan
2025-07-14 00:00:00+00:00,2.0,1.0,0.5773502691896258,sacubitril_valsartan
2025-07-21 00:00:00+00:00,2.0,0.0,0.30151134457776363,sacubitril_valsartan
2025-07-28 00:00:00+00:00,4.0,1.0,5.0,sacubitril_valsartan
2025-08-04 00:00:00+00:00,1.0,-0.75,-1.1470786693528088,sacubitril_valsartan
2025-08-11 00:00:00+00:00,2.0,1.0,-0.22941573387056174,sacubitril_valsartan
2025-08-18 00:00:00+00:00,3.0,0.5,0.6882472016116852,sacubitril_valsartan
2025-09-01 00:00:00+00:00,8.0,1.6666666666666667,4.919349550499537,sacubitril_valsartan
2025-09-08 00:00:00+00:00,2.0,-0.75,-0.5570860145311556,sacubitril_valsartan
2025-09-15 00:00:00+00:00,1.0,-0.5,-1.1055415967851332,sacubitril_valsartan
2025-09-22 00:00:00+00:00,4.0,3.0,0.18569533817705186,sacubitril_valsartan
2025-10-06 00:00:00+00:00,1.0,-0.75,-1.025755289064345,sacubitril_valsartan
2025-10-13 00:00:00+00:00,1.0,0.0,-0.8164965809277261,sacubitril_valsartan
2025-10-20 00:00:00+00:00,2.0,1.0,0.19245008972987526,sacubitril_valsartan
2025-10-27 00:00:00+00:00,4.0,1.0,1.6329931618554523,sacubitril_valsartan
2025-11-03 00:00:00+00:00,1.0,-0.75,-0.8164965809277261,sacubitril_valsartan
2025-11-10 00:00:00+00:00,1.0,0.0,-0.8164965809277261,sacubitril_valsartan
2025-11-17 00:00:00+00:00,1.0,0.0,-0.8164965809277261,sacubitril_valsartan
2025-12-01 00:00:00+00:00,1.0,0.0,-0.5773502691896257,sacubitril_valsartan
2025-12-08 00:00:00+00:00,1.0,0.0,,sacubitril_valsartan
2025-12-15 00:00:00+00:00,1.0,0.0,,sacubitril_valsartan
2025-12-22 00:00:00+00:00,1.0,0.0,,sacubitril_valsartan
2025-12-29 00:00:00+00:00,1.0,0.0,,sacubitril_valsartan
2026-01-05 00:00:00+00:00,3.0,2.0,,sacubitril_valsartan
